{
  "config__colsample_bytree": 0.8351446466711488,
  "config__learning_rate": 0.014642728229365264,
  "config__max_depth": 10,
  "config__n_estimators": 200,
  "config__reg_alpha": 0.8436209906676196,
  "config__reg_lambda": 2.4207885086680103,
  "config__subsample": 0.7354569120907425
}