{
  "config__colsample_bytree": 0.9583063399797321,
  "config__learning_rate": 0.05941558983155261,
  "config__max_depth": 10,
  "config__n_estimators": 500,
  "config__reg_alpha": 0.00012348912039513633,
  "config__reg_lambda": 1.166640388408883,
  "config__subsample": 0.9564840063829776
}