{
  "config__colsample_bytree": 0.7733400319491293,
  "config__learning_rate": 0.053331093690700736,
  "config__max_depth": 3,
  "config__n_estimators": 500,
  "config__reg_alpha": 0.010135440708010595,
  "config__reg_lambda": 1.6403265445874242,
  "config__subsample": 0.8792011464162809
}