{
  "config__colsample_bytree": 0.7456214536275082,
  "config__learning_rate": 0.028853313893727004,
  "config__max_depth": 5,
  "config__n_estimators": 500,
  "config__reg_alpha": 0.001803522705921707,
  "config__reg_lambda": 1.8075962855407197,
  "config__subsample": 0.9264573304275078
}