{
  "config__colsample_bytree": 0.8663221450480564,
  "config__learning_rate": 0.01183010572553876,
  "config__max_depth": 5,
  "config__n_estimators": 200,
  "config__reg_alpha": 0.0026868483295954025,
  "config__reg_lambda": 2.6043726919856898,
  "config__subsample": 0.8949358896347912
}