{
  "config__colsample_bytree": 0.9823502852031549,
  "config__learning_rate": 0.2567021662023807,
  "config__max_depth": 3,
  "config__n_estimators": 100,
  "config__reg_alpha": 0.08197297345806717,
  "config__reg_lambda": 7.41093483002283,
  "config__subsample": 0.7009274319872113
}