{
  "config__colsample_bytree": 0.713516370917838,
  "config__learning_rate": 0.06264089763728563,
  "config__max_depth": 7,
  "config__n_estimators": 100,
  "config__reg_alpha": 0.022573057955885555,
  "config__reg_lambda": 4.015205295249183,
  "config__subsample": 0.9070325612885304
}