{
  "config__colsample_bytree": 0.8513511690559712,
  "config__learning_rate": 0.07708086199337136,
  "config__max_depth": 5,
  "config__n_estimators": 200,
  "config__reg_alpha": 0.0002973071810211865,
  "config__reg_lambda": 1.760903410481995,
  "config__subsample": 0.7688589119179099
}