{
  "config__colsample_bytree": 0.8064141157800677,
  "config__learning_rate": 0.017041924442334867,
  "config__max_depth": 10,
  "config__n_estimators": 200,
  "config__reg_alpha": 0.1267476389424798,
  "config__reg_lambda": 8.904377544794732,
  "config__subsample": 0.7283184016682545
}