{
  "config__colsample_bytree": 0.767395911847853,
  "config__learning_rate": 0.08663630009554724,
  "config__max_depth": 3,
  "config__n_estimators": 200,
  "config__reg_alpha": 0.01072360267150972,
  "config__reg_lambda": 4.4152357838959775,
  "config__subsample": 0.7868583819543982
}