{
  "config__colsample_bytree": 0.9406182359691188,
  "config__learning_rate": 0.018785249223391774,
  "config__max_depth": 3,
  "config__n_estimators": 200,
  "config__reg_alpha": 0.0053093277155858995,
  "config__reg_lambda": 7.519800767667861,
  "config__subsample": 0.9071598945785242
}