{
  "config__colsample_bytree": 0.7876130460268764,
  "config__learning_rate": 0.023610933830092367,
  "config__max_depth": 7,
  "config__n_estimators": 200,
  "config__reg_alpha": 0.026756898711585663,
  "config__reg_lambda": 1.7865581979035157,
  "config__subsample": 0.8860786084505037
}