{
  "config__colsample_bytree": 0.7799232827051151,
  "config__learning_rate": 0.013276218958669317,
  "config__max_depth": 5,
  "config__n_estimators": 100,
  "config__reg_alpha": 0.8770848002570882,
  "config__reg_lambda": 2.0176148282289335,
  "config__subsample": 0.9909320924658009
}