{
  "config__colsample_bytree": 0.8909453074396879,
  "config__learning_rate": 0.028591586779182922,
  "config__max_depth": 7,
  "config__n_estimators": 500,
  "config__reg_alpha": 0.00011397376840299625,
  "config__reg_lambda": 1.915325362656138,
  "config__subsample": 0.704767493314535
}