{
  "config__colsample_bytree": 0.7172374879717093,
  "config__learning_rate": 0.16804374671159628,
  "config__max_depth": 5,
  "config__n_estimators": 100,
  "config__reg_alpha": 0.18807363585504888,
  "config__reg_lambda": 2.6398199672340117,
  "config__subsample": 0.9402068508977925
}