{
  "config__colsample_bytree": 0.8825547348635896,
  "config__learning_rate": 0.04271566110318521,
  "config__max_depth": 10,
  "config__n_estimators": 500,
  "config__reg_alpha": 0.00032085694204891723,
  "config__reg_lambda": 6.1336300656441045,
  "config__subsample": 0.9463288944398203
}