model,classification,n_experiments,csmf_mean,csmf_std,csmf_min,csmf_max,cod_mean,cod_std,cod_min,cod_max
xgboost,COD5,30,0.7261661764984786,0.1611471807656877,0.2833333333333334,0.9382716049382716,0.47815430386112884,0.11572033252872115,0.2151394422310757,0.6944444444444444
insilico,COD5,30,0.7295728696810149,0.11671581189142587,0.4782608695652174,0.9547325102880658,0.5007657829578266,0.07918287252582054,0.3006535947712418,0.6405693950177936
