model,classification,n_experiments,csmf_mean,csmf_std,csmf_min,csmf_max,cod_mean,cod_std,cod_min,cod_max
xgboost,VA34,30,0.38309597177248295,0.2183080280634158,0.0999999999999998,0.7601351351351351,0.18124689411347114,0.12314120436493839,0.0166666666666666,0.395017793594306
insilico,VA34,30,0.46054933769560885,0.11587379304162239,0.2557377049180327,0.6587837837837838,0.2145485950330063,0.06367923123963345,0.088235294117647,0.4166666666666667
