{
  "config__colsample_bytree": 0.7701040444486879,
  "config__learning_rate": 0.1886022770089918,
  "config__max_depth": 3,
  "config__n_estimators": 200,
  "config__reg_alpha": 0.6535982826131131,
  "config__reg_lambda": 7.245409991684753,
  "config__subsample": 0.7069463297727999
}