{
  "config__colsample_bytree": 0.776571053813898,
  "config__learning_rate": 0.04163871710462219,
  "config__max_depth": 3,
  "config__n_estimators": 100,
  "config__reg_alpha": 0.0006012353942134963,
  "config__reg_lambda": 2.711872584493836,
  "config__subsample": 0.8696688171890082
}