{
  "config__colsample_bytree": 0.962676492658314,
  "config__learning_rate": 0.012794967735273477,
  "config__max_depth": 7,
  "config__n_estimators": 100,
  "config__reg_alpha": 0.0022100037208178758,
  "config__reg_lambda": 4.210169675518222,
  "config__subsample": 0.7000599110947858
}