{"trial_data": [["{\n  \"stub\": false,\n  \"trainable_name\": \"objective\",\n  \"trial_id\": \"a80a3b49\",\n  \"storage\": {\n    \"_type\": \"CLOUDPICKLE_FALLBACK\",\n    \"value\": \"8005951d030000000000008c1b7261792e747261696e2e5f696e7465726e616c2e73746f72616765948c0e53746f72616765436f6e746578749493942981947d94288c12637573746f6d5f66735f70726f766964656494898c136578706572696d656e745f6469725f6e616d65948c0e7867626f6f73745f74756e696e67948c0e747269616c5f6469725f6e616d65948c966f626a6563746976655f61383061336234395f315f636f6e6669675f5f636f6c73616d706c655f6279747265653d302e383531342c636f6e6669675f5f6c6561726e696e675f726174653d302e303737312c636f6e6669675f5f6d61785f64657074683d352c636f6e6669675f5f6e5f657374696d61746f72733d3230302c636f6e5f323032352d30372d32355f31372d31322d3435948c1863757272656e745f636865636b706f696e745f696e646578944affffffff8c0b73796e635f636f6e666967948c097261792e747261696e948c0a53796e63436f6e6669679493942981947d94288c0b73796e635f706572696f64944d2c018c0c73796e635f74696d656f7574944d08078c0e73796e635f61727469666163747394898c1c73796e635f6172746966616374735f6f6e5f636865636b706f696e74948875628c1273746f726167655f66696c6573797374656d948c0b70796172726f772e5f6673948c1446696c6553797374656d2e5f66726f6d5f7572699493948c0966696c653a2f2f2f5f94859452948c0f73746f726167655f66735f70617468948c3e2f55736572732f657269636c69752f70726f6a65637473352f636f6e746578742d656e67696e656572696e672d696e74726f2f7261795f726573756c7473948c0673796e6365729468008c115f46696c6573797374656d53796e6365729493942981947d94286815681b68114d2c0168124d08078c116c6173745f73796e635f75705f74696d659447fff00000000000008c136c6173745f73796e635f646f776e5f74696d659447fff00000000000008c0d5f73796e635f70726f63657373944e8c0c5f63757272656e745f636d64944e75628c0a5f74696d657374616d70948c13323032352d30372d32355f31372d31322d34359475622e\"\n  },\n  \"config\": {\n    \"config__max_depth\": 5,\n    \"config__learning_rate\": 0.07708086199337136,\n    \"config__n_estimators\": 200,\n    \"config__subsample\": 0.7688589119179099,\n    \"config__colsample_bytree\": 0.8513511690559712,\n    \"config__reg_alpha\": 0.0002973071810211865,\n    \"config__reg_lambda\": 1.760903410481995\n  },\n  \"_Trial__unresolved_config\": {\n    \"config__max_depth\": 5,\n    \"config__learning_rate\": 0.07708086199337136,\n    \"config__n_estimators\": 200,\n    \"config__subsample\": 0.7688589119179099,\n    \"config__colsample_bytree\": 0.8513511690559712,\n    \"config__reg_alpha\": 0.0002973071810211865,\n    \"config__reg_lambda\": 1.760903410481995\n  },\n  \"evaluated_params\": {\n    \"config__max_depth\": 5,\n    \"config__learning_rate\": 0.07708086199337136,\n    \"config__n_estimators\": 200,\n    \"config__subsample\": 0.7688589119179099,\n    \"config__colsample_bytree\": 0.8513511690559712,\n    \"config__reg_alpha\": 0.0002973071810211865,\n    \"config__reg_lambda\": 1.760903410481995\n  },\n  \"experiment_tag\": \"1_config__colsample_bytree=0.8514,config__learning_rate=0.0771,config__max_depth=5,config__n_estimators=200,config__reg_alpha=0.0003,config__reg_lambda=1.7609,config__subsample=0.7689\",\n  \"stopping_criterion\": {},\n  \"_setup_default_resource\": true,\n  \"_default_placement_group_factory\": \"80054e2e\",\n  \"placement_group_factory\": \"800595aa000000000000008c237261792e74756e652e657865637574696f6e2e706c6163656d656e745f67726f757073948c15506c6163656d656e7447726f7570466163746f72799493942981947d94288c085f62756e646c6573945d947d948c0343505594473ff000000000000073618c155f686561645f62756e646c655f69735f656d70747994898c095f7374726174656779948c045041434b948c055f6172677394298c075f6b7761726773947d9475622e\",\n  \"log_to_file\": [\n    null,\n    null\n  ],\n  \"max_failures\": 0,\n  \"_default_result_or_future\": null,\n  \"export_formats\": [],\n  \"status\": \"ERROR\",\n  \"relative_logdir\": \"objective_a80a3b49_1_config__colsample_bytree=0.8514,config__learning_rate=0.0771,config__max_depth=5,config__n_estimators=200,con_2025-07-25_17-12-45\",\n  \"trial_name_creator\": null,\n  \"trial_dirname_creator\": null,\n  \"custom_trial_name\": null,\n  \"custom_dirname\": null,\n  \"restore_path\": null,\n  \"_restore_checkpoint_result\": null,\n  \"_state_json\": null,\n  \"results\": \"80054e2e\",\n  \"extra_arg\": \"80054e2e\",\n  \"_resources\": \"80054e2e\"\n}", "{\n  \"start_time\": 1753477969.251178,\n  \"num_failures\": 1,\n  \"num_failures_after_restore\": 0,\n  \"error_filename\": \"error.txt\",\n  \"pickled_error_filename\": \"error.pkl\",\n  \"last_result\": {\n    \"trial_id\": \"a80a3b49\"\n  },\n  \"last_result_time\": -Infinity,\n  \"metric_analysis\": {},\n  \"_n_steps\": [\n    5,\n    10\n  ],\n  \"metric_n_steps\": {},\n  \"checkpoint_manager\": {\n    \"_type\": \"CLOUDPICKLE_FALLBACK\",\n    \"value\": \"80059583010000000000008c267261792e747261696e2e5f696e7465726e616c2e636865636b706f696e745f6d616e61676572948c125f436865636b706f696e744d616e616765729493942981947d94288c125f636865636b706f696e745f636f6e666967948c087261792e74756e65948c10436865636b706f696e74436f6e6669679493942981947d94288c0b6e756d5f746f5f6b656570944e8c1a636865636b706f696e745f73636f72655f617474726962757465944e8c16636865636b706f696e745f73636f72655f6f72646572948c036d6178948c14636865636b706f696e745f6672657175656e6379944b008c11636865636b706f696e745f61745f656e6494898c1a5f636865636b706f696e745f6b6565705f616c6c5f72616e6b73948c0a44455052454341544544948c1f5f636865636b706f696e745f75706c6f61645f66726f6d5f776f726b65727394681275628c135f636865636b706f696e745f726573756c7473945d948c195f6c61746573745f636865636b706f696e745f726573756c74944e75622e\"\n  }\n}"]], "runner_data": {"_earliest_stopping_actor": 441877.728583833, "_actor_cleanup_timeout": 600, "_actor_force_cleanup_timeout": 10, "_reuse_actors": false, "_buffer_length": 1, "_buffer_min_time_s": 0.0, "_buffer_max_time_s": 100.0, "_max_pending_trials": 1, "_metric": null, "_total_time": 0, "_iteration": 35, "_has_errored": true, "_fail_fast": false, "_print_trial_errors": true, "_cached_trial_decisions": {}, "_queued_trial_decisions": {}, "_should_stop_experiment": false, "_stopper": {"_type": "CLOUDPICKLE_FALLBACK", "value": "8005952c000000000000008c157261792e74756e652e73746f707065722e6e6f6f70948c0b4e6f6f7053746f707065729493942981942e"}, "_start_time": 1753477965.681792, "_session_str": "2025-07-25_17-12-45", "_checkpoint_period": "auto", "_trial_checkpoint_config": {"_type": "CLOUDPICKLE_FALLBACK", "value": "800595f1000000000000008c087261792e74756e65948c10436865636b706f696e74436f6e6669679493942981947d94288c0b6e756d5f746f5f6b656570944e8c1a636865636b706f696e745f73636f72655f617474726962757465944e8c16636865636b706f696e745f73636f72655f6f72646572948c036d6178948c14636865636b706f696e745f6672657175656e6379944b008c11636865636b706f696e745f61745f656e6494898c1a5f636865636b706f696e745f6b6565705f616c6c5f72616e6b73948c0a44455052454341544544948c1f5f636865636b706f696e745f75706c6f61645f66726f6d5f776f726b65727394680c75622e"}, "_resumed": false}, "stats": {"start_time": 1753477965.681792}}