{"trial_data": [["{\n  \"stub\": false,\n  \"trainable_name\": \"objective\",\n  \"trial_id\": \"255b50f7\",\n  \"storage\": {\n    \"_type\": \"CLOUDPICKLE_FALLBACK\",\n    \"value\": \"8005951d030000000000008c1b7261792e747261696e2e5f696e7465726e616c2e73746f72616765948c0e53746f72616765436f6e746578749493942981947d94288c12637573746f6d5f66735f70726f766964656494898c136578706572696d656e745f6469725f6e616d65948c0e7867626f6f73745f74756e696e67948c0e747269616c5f6469725f6e616d65948c966f626a6563746976655f32353562353066375f315f636f6e6669675f5f636f6c73616d706c655f6279747265653d302e373730312c636f6e6669675f5f6c6561726e696e675f726174653d302e313838362c636f6e6669675f5f6d61785f64657074683d332c636f6e6669675f5f6e5f657374696d61746f72733d3230302c636f6e5f323032352d30372d32355f31372d31332d3332948c1863757272656e745f636865636b706f696e745f696e646578944affffffff8c0b73796e635f636f6e666967948c097261792e747261696e948c0a53796e63436f6e6669679493942981947d94288c0b73796e635f706572696f64944d2c018c0c73796e635f74696d656f7574944d08078c0e73796e635f61727469666163747394898c1c73796e635f6172746966616374735f6f6e5f636865636b706f696e74948875628c1273746f726167655f66696c6573797374656d948c0b70796172726f772e5f6673948c1446696c6553797374656d2e5f66726f6d5f7572699493948c0966696c653a2f2f2f5f94859452948c0f73746f726167655f66735f70617468948c3e2f55736572732f657269636c69752f70726f6a65637473352f636f6e746578742d656e67696e656572696e672d696e74726f2f7261795f726573756c7473948c0673796e6365729468008c115f46696c6573797374656d53796e6365729493942981947d94286815681b68114d2c0168124d08078c116c6173745f73796e635f75705f74696d659447fff00000000000008c136c6173745f73796e635f646f776e5f74696d659447fff00000000000008c0d5f73796e635f70726f63657373944e8c0c5f63757272656e745f636d64944e75628c0a5f74696d657374616d70948c13323032352d30372d32355f31372d31332d33329475622e\"\n  },\n  \"config\": {\n    \"config__max_depth\": 3,\n    \"config__learning_rate\": 0.1886022770089918,\n    \"config__n_estimators\": 200,\n    \"config__subsample\": 0.7069463297727999,\n    \"config__colsample_bytree\": 0.7701040444486879,\n    \"config__reg_alpha\": 0.6535982826131131,\n    \"config__reg_lambda\": 7.245409991684753\n  },\n  \"_Trial__unresolved_config\": {\n    \"config__max_depth\": 3,\n    \"config__learning_rate\": 0.1886022770089918,\n    \"config__n_estimators\": 200,\n    \"config__subsample\": 0.7069463297727999,\n    \"config__colsample_bytree\": 0.7701040444486879,\n    \"config__reg_alpha\": 0.6535982826131131,\n    \"config__reg_lambda\": 7.245409991684753\n  },\n  \"evaluated_params\": {\n    \"config__max_depth\": 3,\n    \"config__learning_rate\": 0.1886022770089918,\n    \"config__n_estimators\": 200,\n    \"config__subsample\": 0.7069463297727999,\n    \"config__colsample_bytree\": 0.7701040444486879,\n    \"config__reg_alpha\": 0.6535982826131131,\n    \"config__reg_lambda\": 7.245409991684753\n  },\n  \"experiment_tag\": \"1_config__colsample_bytree=0.7701,config__learning_rate=0.1886,config__max_depth=3,config__n_estimators=200,config__reg_alpha=0.6536,config__reg_lambda=7.2454,config__subsample=0.7069\",\n  \"stopping_criterion\": {},\n  \"_setup_default_resource\": true,\n  \"_default_placement_group_factory\": \"80054e2e\",\n  \"placement_group_factory\": \"800595aa000000000000008c237261792e74756e652e657865637574696f6e2e706c6163656d656e745f67726f757073948c15506c6163656d656e7447726f7570466163746f72799493942981947d94288c085f62756e646c6573945d947d948c0343505594473ff000000000000073618c155f686561645f62756e646c655f69735f656d70747994898c095f7374726174656779948c045041434b948c055f6172677394298c075f6b7761726773947d9475622e\",\n  \"log_to_file\": [\n    null,\n    null\n  ],\n  \"max_failures\": 0,\n  \"_default_result_or_future\": null,\n  \"export_formats\": [],\n  \"status\": \"TERMINATED\",\n  \"relative_logdir\": \"objective_255b50f7_1_config__colsample_bytree=0.7701,config__learning_rate=0.1886,config__max_depth=3,config__n_estimators=200,con_2025-07-25_17-13-32\",\n  \"trial_name_creator\": null,\n  \"trial_dirname_creator\": null,\n  \"custom_trial_name\": null,\n  \"custom_dirname\": null,\n  \"restore_path\": null,\n  \"_restore_checkpoint_result\": null,\n  \"_state_json\": null,\n  \"results\": \"80054e2e\",\n  \"extra_arg\": \"80054e2e\",\n  \"_resources\": \"80054e2e\"\n}", "{\n  \"start_time\": 1753478014.903062,\n  \"num_failures\": 0,\n  \"num_failures_after_restore\": 0,\n  \"error_filename\": null,\n  \"pickled_error_filename\": null,\n  \"last_result\": {\n    \"csmf_accuracy\": 0.8428571428571429,\n    \"cod_accuracy\": 0.7200000000000001,\n    \"timestamp\": 1753478015,\n    \"checkpoint_dir_name\": null,\n    \"done\": true,\n    \"training_iteration\": 1,\n    \"trial_id\": \"255b50f7\",\n    \"date\": \"2025-07-25_17-13-35\",\n    \"time_this_iter_s\": 0.1401228904724121,\n    \"time_total_s\": 0.1401228904724121,\n    \"pid\": 46234,\n    \"hostname\": \"wse-dsai-ggp67pg757.win.ad.jhu.edu\",\n    \"node_ip\": \"127.0.0.1\",\n    \"config\": {\n      \"config__max_depth\": 3,\n      \"config__learning_rate\": 0.1886022770089918,\n      \"config__n_estimators\": 200,\n      \"config__subsample\": 0.7069463297727999,\n      \"config__colsample_bytree\": 0.7701040444486879,\n      \"config__reg_alpha\": 0.6535982826131131,\n      \"config__reg_lambda\": 7.245409991684753\n    },\n    \"time_since_restore\": 0.1401228904724121,\n    \"iterations_since_restore\": 1,\n    \"experiment_tag\": \"1_config__colsample_bytree=0.7701,config__learning_rate=0.1886,config__max_depth=3,config__n_estimators=200,config__reg_alpha=0.6536,config__reg_lambda=7.2454,config__subsample=0.7069\"\n  },\n  \"last_result_time\": 1753478015.0678148,\n  \"metric_analysis\": {\n    \"csmf_accuracy\": {\n      \"max\": 0.8428571428571429,\n      \"min\": 0.8428571428571429,\n      \"avg\": 0.8428571428571429,\n      \"last\": 0.8428571428571429,\n      \"last-5-avg\": 0.8428571428571429,\n      \"last-10-avg\": 0.8428571428571429\n    },\n    \"cod_accuracy\": {\n      \"max\": 0.7200000000000001,\n      \"min\": 0.7200000000000001,\n      \"avg\": 0.7200000000000001,\n      \"last\": 0.7200000000000001,\n      \"last-5-avg\": 0.7200000000000001,\n      \"last-10-avg\": 0.7200000000000001\n    },\n    \"done\": {\n      \"max\": false,\n      \"min\": false,\n      \"avg\": false,\n      \"last\": false,\n      \"last-5-avg\": false,\n      \"last-10-avg\": false\n    },\n    \"training_iteration\": {\n      \"max\": 1,\n      \"min\": 1,\n      \"avg\": 1,\n      \"last\": 1,\n      \"last-5-avg\": 1,\n      \"last-10-avg\": 1\n    },\n    \"time_this_iter_s\": {\n      \"max\": 0.1401228904724121,\n      \"min\": 0.1401228904724121,\n      \"avg\": 0.1401228904724121,\n      \"last\": 0.1401228904724121,\n      \"last-5-avg\": 0.1401228904724121,\n      \"last-10-avg\": 0.1401228904724121\n    },\n    \"time_total_s\": {\n      \"max\": 0.1401228904724121,\n      \"min\": 0.1401228904724121,\n      \"avg\": 0.1401228904724121,\n      \"last\": 0.1401228904724121,\n      \"last-5-avg\": 0.1401228904724121,\n      \"last-10-avg\": 0.1401228904724121\n    },\n    \"time_since_restore\": {\n      \"max\": 0.1401228904724121,\n      \"min\": 0.1401228904724121,\n      \"avg\": 0.1401228904724121,\n      \"last\": 0.1401228904724121,\n      \"last-5-avg\": 0.1401228904724121,\n      \"last-10-avg\": 0.1401228904724121\n    },\n    \"iterations_since_restore\": {\n      \"max\": 1,\n      \"min\": 1,\n      \"avg\": 1,\n      \"last\": 1,\n      \"last-5-avg\": 1,\n      \"last-10-avg\": 1\n    }\n  },\n  \"_n_steps\": [\n    5,\n    10\n  ],\n  \"metric_n_steps\": {\n    \"csmf_accuracy\": {\n      \"5\": {\n        \"_type\": \"CLOUDPICKLE_FALLBACK\",\n        \"value\": 